filename,label
20241109_154140_357465_left.jpg,0
20241109_153244_515614_forward.jpg,1
20241109_155201_561275_left.jpg,0
20241109_173502_065252_right.jpg,2
20241109_153901_283809_left.jpg,0
20241109_154957_258454_left.jpg,0
20241109_153152_876209_right.jpg,2
20241109_153240_181273_left.jpg,0
20241109_153738_971150_forward.jpg,1
20241109_153031_881007_forward.jpg,1
20241109_155133_723576_left.jpg,0
20241109_154914_436254_right.jpg,2
20241109_173236_450614_left.jpg,0
20241109_154021_107176_left.jpg,0
20241109_154106_426319_left.jpg,0
20241109_173608_704817_right.jpg,2
20241109_152546_949611_left.jpg,0
20241109_152439_618363_left.jpg,0
20241109_173258_384288_left.jpg,0
20241109_153307_113386_forward.jpg,1
20241109_154242_328045_left.jpg,0
20241109_153956_547220_forward.jpg,1
20241109_155227_682706_right.jpg,2
20241109_153234_250064_forward.jpg,1
20241109_174013_998653_right.jpg,2
20241109_153211_102262_forward.jpg,1
20241109_173502_344251_right.jpg,2
20241109_154022_534292_forward.jpg,1
20241109_154053_493566_left.jpg,0
20241109_153218_091407_forward.jpg,1
20241109_154044_639947_right.jpg,2
20241109_153017_375737_forward.jpg,1
20241109_153155_544545_forward.jpg,1
20241109_152514_110594_forward.jpg,1
20241109_173954_252052_right.jpg,2
20241109_173529_744569_right.jpg,2
20241109_152446_630020_left.jpg,0
20241109_152436_923495_forward.jpg,1
20241109_155007_701035_right.jpg,2
20241109_153147_452408_forward.jpg,1
20241109_154233_169163_left.jpg,0
20241109_153236_941363_forward.jpg,1
20241109_153233_169223_left.jpg,0
20241109_153815_565275_forward.jpg,1
20241109_153006_601409_left.jpg,0
20241109_154213_622118_left.jpg,0
20241109_153842_458344_forward.jpg,1
20241109_153950_655440_forward.jpg,1
20241109_174100_785040_right.jpg,2
20241109_153804_804536_left.jpg,0
20241109_153113_718680_left.jpg,0
20241109_152454_708633_forward.jpg,1
20241109_153224_050354_left.jpg,0
20241109_154251_528875_right.jpg,2
20241109_154221_983210_left.jpg,0
20241109_152457_937044_forward.jpg,1
20241109_153308_178963_left.jpg,0
20241109_152454_175096_left.jpg,0
20241109_174023_131323_right.jpg,2
20241109_154935_847549_left.jpg,0
20241109_174022_838322_right.jpg,2
20241109_153242_329914_right.jpg,2
20241109_154238_048175_right.jpg,2
20241109_153256_365595_forward.jpg,1
20241109_154021_679723_forward.jpg,1
20241109_154033_706358_left.jpg,0
20241109_153959_227470_forward.jpg,1
20241109_154255_260621_right.jpg,2
20241109_153158_768228_forward.jpg,1
20241109_154227_742664_right.jpg,2
20241109_153117_503903_right.jpg,2
20241109_173238_437615_left.jpg,0
20241109_174023_690741_right.jpg,2
20241109_153020_068564_forward.jpg,1
20241109_173828_290387_right.jpg,2
20241109_154915_582192_left.jpg,0
20241109_153903_430631_forward.jpg,1
20241109_173237_584613_left.jpg,0
20241109_154001_880161_forward.jpg,1
20241109_155027_191909_left.jpg,0
20241109_153902_883658_forward.jpg,1
20241109_153107_838009_forward.jpg,1
20241109_152541_045280_forward.jpg,1
20241109_173839_917023_right.jpg,2
20241109_155229_667227_left.jpg,0
20241109_153806_952806_forward.jpg,1
20241109_173258_945290_left.jpg,0
20241109_154909_262098_left.jpg,0
20241109_153852_710238_forward.jpg,1
20241109_154950_419231_left.jpg,0
20241109_153234_782159_forward.jpg,1
20241109_153116_410549_forward.jpg,1
20241109_154014_532516_left.jpg,0
20241109_154114_771357_right.jpg,2
20241109_154015_386487_left.jpg,0
20241109_155200_976094_left.jpg,0
20241109_155128_841761_right.jpg,2
20241109_154930_701168_left.jpg,0
20241109_173310_317717_left.jpg,0
20241109_153848_935351_forward.jpg,1
20241109_154032_838827_right.jpg,2
20241109_153857_534728_left.jpg,0
20241109_173558_397892_right.jpg,2
20241109_153107_305029_forward.jpg,1
20241109_174039_678871_right.jpg,2
20241109_154000_121130_forward.jpg,1
20241109_154017_400822_right.jpg,2
20241109_153229_383770_forward.jpg,1
20241109_153840_831109_forward.jpg,1
20241109_153741_140140_forward.jpg,1
20241109_154038_893735_forward.jpg,1
20241109_153301_716801_left.jpg,0
20241109_155213_627738_left.jpg,0
20241109_153015_748371_left.jpg,0
20241109_154023_680251_forward.jpg,1
20241109_173620_091243_right.jpg,2
20241109_155154_936132_left.jpg,0
20241109_154236_621744_left.jpg,0
20241109_152543_736150_left.jpg,0
20241109_154218_235847_right.jpg,2
20241109_154208_475506_right.jpg,2
20241109_173233_584043_right.jpg,2
20241109_154007_985870_left.jpg,0
20241109_173805_797306_right.jpg,2
20241109_153231_543333_right.jpg,2
20241109_154111_905572_left.jpg,0
20241109_153800_512575_forward.jpg,1
20241109_154245_221901_left.jpg,0
20241109_174032_224414_right.jpg,2
20241109_153952_145879_forward.jpg,1
20241109_153044_773805_left.jpg,0
20241109_153816_099269_forward.jpg,1
20241109_153114_797630_forward.jpg,1
20241109_153952_735858_left.jpg,0
20241109_153155_010580_forward.jpg,1
20241109_154200_450434_left.jpg,0
20241109_153118_036861_right.jpg,2
20241109_154110_465177_left.jpg,0
20241109_154930_980157_left.jpg,0
20241109_154113_344564_left.jpg,0
20241109_153115_877572_forward.jpg,1
20241109_152511_950701_right.jpg,2
20241109_154953_112251_right.jpg,2
20241109_153825_802778_forward.jpg,1
20241109_154000_999194_left.jpg,0
20241109_153250_436183_forward.jpg,1
20241109_154014_826506_left.jpg,0
20241109_154024_240232_forward.jpg,1
20241109_173306_348251_left.jpg,0
20241109_153805_337511_left.jpg,0
20241109_153954_211808_forward.jpg,1
20241109_154214_489084_left.jpg,0
20241109_154249_795088_right.jpg,2
20241109_173227_597113_left.jpg,0
20241109_153226_181586_left.jpg,0
20241109_152447_709619_forward.jpg,1
20241109_152437_469469_forward.jpg,1
20241109_153154_476604_forward.jpg,1
20241109_154027_667119_left.jpg,0
20241109_153848_389275_forward.jpg,1
20241109_153306_579415_right.jpg,2
20241109_154958_430524_left.jpg,0
20241109_153003_854803_forward.jpg,1
20241109_173311_463717_right.jpg,2
20241109_152523_801030_forward.jpg,1
20241109_155112_457704_left.jpg,0
20241109_154044_052969_right.jpg,2
20241109_155001_953556_left.jpg,0
20241109_152438_550418_forward.jpg,1
20241109_153036_145355_left.jpg,0
20241109_153748_138717_forward.jpg,1
20241109_153759_444144_forward.jpg,1
20241109_173244_117815_left.jpg,0
20241109_154038_599746_forward.jpg,1
20241109_155151_508212_right.jpg,2
20241109_155118_203067_left.jpg,0
20241109_154010_573770_forward.jpg,1
20241109_152528_097984_left.jpg,0
20241109_173335_757363_right.jpg,2
20241109_154027_092525_left.jpg,0
20241109_155139_430730_left.jpg,0
20241109_154301_620950_right.jpg,2
20241109_154943_072278_left.jpg,0
20241109_153150_690822_forward.jpg,1
20241109_153241_262262_forward.jpg,1
20241109_154221_133214_left.jpg,0
20241109_153828_483749_forward.jpg,1
20241109_155132_868591_left.jpg,0
20241109_173905_051273_right.jpg,2
20241109_153301_171295_left.jpg,0
20241109_154258_727793_right.jpg,2
20241109_152500_630421_forward.jpg,1
20241109_153029_188024_forward.jpg,1
20241109_173256_972289_left.jpg,0
20241109_154148_423901_left.jpg,0
20241109_154025_094203_forward.jpg,1
20241109_153839_232147_forward.jpg,1
20241109_154159_022468_left.jpg,0
20241109_153207_355775_forward.jpg,1
20241109_173330_877784_right.jpg,2
20241109_154003_985409_forward.jpg,1
20241109_153847_335309_forward.jpg,1
20241109_152513_576608_forward.jpg,1
20241109_173826_571789_right.jpg,2
20241109_174013_424317_right.jpg,2
20241109_152540_510306_right.jpg,2
20241109_153059_813067_forward.jpg,1
20241109_153014_681841_left.jpg,0
20241109_155123_669857_right.jpg,2
20241109_153145_837482_forward.jpg,1
20241109_154013_972536_forward.jpg,1
20241109_173410_705127_right.jpg,2
20241109_155021_712370_left.jpg,0
20241109_154945_725191_right.jpg,2
20241109_153043_694858_forward.jpg,1
20241109_173644_599622_right.jpg,2
20241109_154035_132309_left.jpg,0
20241109_152507_641978_forward.jpg,1
20241109_173257_825289_left.jpg,0
20241109_173312_038101_left.jpg,0
20241109_153953_613829_forward.jpg,1
20241109_153037_760139_forward.jpg,1
20241109_154957_846441_left.jpg,0
20241109_152449_337133_forward.jpg,1
20241109_153815_033192_forward.jpg,1
20241109_154201_302403_left.jpg,0
20241109_155133_429573_left.jpg,0
20241109_153015_215396_forward.jpg,1
20241109_153019_534589_forward.jpg,1
20241109_153956_268231_forward.jpg,1
20241109_173245_264680_left.jpg,0
20241109_152531_336820_forward.jpg,1
20241109_152525_401008_forward.jpg,1
20241109_153238_022309_left.jpg,0
20241109_155159_550365_right.jpg,2
20241109_152550_720921_left.jpg,0
20241109_155008_553356_left.jpg,0
20241109_153020_615539_forward.jpg,1
20241109_173303_758456_right.jpg,2
20241109_173242_970815_right.jpg,2
20241109_155151_230231_right.jpg,2
20241109_153049_080601_forward.jpg,1
20241109_152515_723558_left.jpg,0
20241109_154046_932945_forward.jpg,1
20241109_154025_680182_forward.jpg,1
20241109_153221_888107_forward.jpg,1
20241109_155127_417330_left.jpg,0
20241109_154113_904868_left.jpg,0
20241109_152531_883793_forward.jpg,1
20241109_174034_811466_right.jpg,2
20241109_153951_543387_forward.jpg,1
20241109_154250_368583_right.jpg,2
20241109_173637_477638_right.jpg,2
20241109_154103_279463_right.jpg,2
20241109_173253_531612_right.jpg,2
20241109_152958_483615_left.jpg,0
20241109_153218_638156_forward.jpg,1
20241109_154911_848215_right.jpg,2
20241109_155018_846537_right.jpg,2
20241109_154056_426484_left.jpg,0
20241109_153029_721000_forward.jpg,1
20241109_154250_087079_right.jpg,2
20241109_154301_914458_right.jpg,2
20241109_173523_730648_right.jpg,2
20241109_173237_863613_left.jpg,0
20241109_173836_797634_right.jpg,2
20241109_173302_905066_right.jpg,2
20241109_153004_954193_left.jpg,0
20241109_154030_239661_forward.jpg,1
20241109_173759_237307_right.jpg,2
20241109_173450_652883_right.jpg,2
20241109_153754_593109_forward.jpg,1
20241109_152453_642121_left.jpg,0
20241109_153213_264151_forward.jpg,1
20241109_155013_993724_left.jpg,0
20241109_152536_200448_left.jpg,0
20241109_153123_942899_forward.jpg,1
20241109_173645_170623_right.jpg,2
20241109_173229_317310_left.jpg,0
20241109_154912_981045_right.jpg,2
20241109_152509_242330_forward.jpg,1
20241109_173257_251288_left.jpg,0
20241109_153108_890685_left.jpg,0
20241109_153049_628575_left.jpg,0
20241109_173644_890623_right.jpg,2
20241109_154924_701334_left.jpg,0
20241109_173719_690702_right.jpg,2
20241109_154917_873981_left.jpg,0
20241109_153215_412185_forward.jpg,1
20241109_173228_451182_left.jpg,0
20241109_153228_314628_forward.jpg,1
20241109_154059_864470_right.jpg,2
20241109_153742_739064_left.jpg,0
20241109_174050_518041_right.jpg,2
20241109_154228_316614_right.jpg,2
20241109_154107_878268_right.jpg,2
20241109_173241_557815_left.jpg,0
20241109_155135_735792_right.jpg,2
20241109_153249_356228_forward.jpg,1
20241109_153225_116430_left.jpg,0
20241109_154213_916106_left.jpg,0
20241109_154921_288989_right.jpg,2
20241109_153208_968715_forward.jpg,1
20241109_153851_643290_right.jpg,2
20241109_173530_319603_right.jpg,2
20241109_173558_691890_right.jpg,2
20241109_173408_718064_right.jpg,2
20241109_152441_232286_forward.jpg,1
20241109_152539_429358_forward.jpg,1
20241109_154936_701027_left.jpg,0
20241109_154049_213329_forward.jpg,1
20241109_153255_831610_right.jpg,2
20241109_155005_966895_left.jpg,0
20241109_153855_922241_forward.jpg,1
20241109_152523_267010_left.jpg,0
20241109_153247_729602_forward.jpg,1
20241109_154024_813212_forward.jpg,1
20241109_153039_388096_right.jpg,2
20241109_174050_799042_right.jpg,2
20241109_153109_956686_right.jpg,2
20241109_173245_544678_left.jpg,0
20241109_153200_904286_forward.jpg,1
20241109_153028_107844_left.jpg,0
20241109_153018_455644_forward.jpg,1
20241109_154058_733460_left.jpg,0
20241109_152438_017442_left.jpg,0
20241109_154151_849258_right.jpg,2
20241109_153115_330591_forward.jpg,1
20241109_173251_531604_right.jpg,2
20241109_173342_571212_right.jpg,2
20241109_153214_343237_right.jpg,2
20241109_153859_682399_forward.jpg,1
20241109_152435_856546_forward.jpg,1
20241109_154105_572349_left.jpg,0
20241109_153046_387592_left.jpg,0
20241109_174007_719186_right.jpg,2
20241109_154943_377277_left.jpg,0
20241109_152547_482517_forward.jpg,1
20241109_153950_067945_forward.jpg,1
20241109_152553_428434_forward.jpg,1
20241109_154918_153971_left.jpg,0
20241109_153206_279753_left.jpg,0
20241109_155029_499613_right.jpg,2
20241109_153027_041852_forward.jpg,1
20241109_153758_911172_left.jpg,0
20241109_152450_938985_forward.jpg,1
20241109_154959_898098_right.jpg,2
20241109_153000_644078_left.jpg,0
20241109_154954_608333_left.jpg,0
20241109_154256_407581_left.jpg,0
20241109_154004_279410_right.jpg,2
20241109_154207_329629_left.jpg,0
20241109_154142_970360_right.jpg,2
20241109_173243_544817_right.jpg,2
20241109_154242_622032_left.jpg,0
20241109_152514_656571_left.jpg,0
20241109_152530_270920_right.jpg,2
20241109_153216_478661_forward.jpg,1
20241109_153739_512149_forward.jpg,1
20241109_153149_077727_left.jpg,0
20241109_173713_143175_right.jpg,2
20241109_153901_815857_forward.jpg,1
20241109_153751_367582_forward.jpg,1
20241109_154040_332261_forward.jpg,1
20241109_173519_450886_right.jpg,2
20241109_153100_894112_right.jpg,2
20241109_173811_785342_right.jpg,2
20241109_152520_589947_forward.jpg,1
20241109_153803_737509_right.jpg,2
20241109_153756_207087_right.jpg,2
20241109_154233_462149_left.jpg,0
20241109_154246_648864_left.jpg,0
20241109_154050_625320_right.jpg,2
20241109_155020_566408_left.jpg,0
20241109_153959_839215_left.jpg,0
20241109_154042_892489_left.jpg,0
20241109_153854_857969_left.jpg,0
20241109_173627_210247_right.jpg,2
20241109_173431_824368_right.jpg,2
20241109_152448_256183_forward.jpg,1
20241109_153804_270563_forward.jpg,1
20241109_154944_564353_left.jpg,0
20241109_153257_433430_forward.jpg,1
20241109_173717_410695_right.jpg,2
20241109_154140_078475_left.jpg,0
20241109_154152_130770_right.jpg,2
20241109_173239_584932_right.jpg,2
20241109_153831_697752_right.jpg,2
20241109_152508_709989_forward.jpg,1
20241109_173428_104375_right.jpg,2
20241109_154922_421744_right.jpg,2
20241109_173223_597769_right.jpg,2
20241109_155029_206619_right.jpg,2
20241109_153106_759016_right.jpg,2
20241109_154223_422488_right.jpg,2
20241109_153036_693328_forward.jpg,1
20241109_155124_551068_right.jpg,2
20241109_154924_981335_left.jpg,0
20241109_153818_778137_left.jpg,0
20241109_154258_154767_right.jpg,2
20241109_154019_413147_forward.jpg,1
20241109_173428_677376_right.jpg,2
20241109_154020_827671_forward.jpg,1
20241109_153257_967403_forward.jpg,1
20241109_153040_468042_forward.jpg,1
20241109_153258_500377_right.jpg,2
20241109_153025_974598_right.jpg,2
20241109_155146_056167_left.jpg,0
20241109_153215_943687_forward.jpg,1
20241109_173504_065987_right.jpg,2
20241109_153239_105326_forward.jpg,1
20241109_173648_865665_right.jpg,2
20241109_174013_705652_right.jpg,2
20241109_153954_494063_forward.jpg,1
20241109_154056_999505_left.jpg,0
20241109_152516_804105_forward.jpg,1
20241109_155214_775820_left.jpg,0
20241109_153805_871330_forward.jpg,1
20241109_154932_687589_right.jpg,2
20241109_153013_601892_forward.jpg,1
20241109_154005_425381_forward.jpg,1
20241109_153058_213132_left.jpg,0
20241109_153201_438259_forward.jpg,1
20241109_153246_114599_left.jpg,0
20241109_153745_964862_forward.jpg,1
20241109_154937_274999_left.jpg,0
20241109_154214_209096_left.jpg,0
20241109_153034_546856_left.jpg,0
20241109_155017_406651_right.jpg,2
20241109_154009_427821_forward.jpg,1
20241109_154246_073875_left.jpg,0
20241109_153853_777018_left.jpg,0
20241109_173448_091683_right.jpg,2
20241109_173518_317885_right.jpg,2
20241109_154044_345957_forward.jpg,1
20241109_155152_082192_right.jpg,2
20241109_152429_379369_forward.jpg,1
20241109_173901_051019_right.jpg,2
20241109_153209_502691_left.jpg,0
20241109_173308_344250_right.jpg,2
20241109_152529_726905_forward.jpg,1
20241109_153241_795236_left.jpg,0
20241109_154226_582662_right.jpg,2
20241109_152511_402725_forward.jpg,1
20241109_154951_312198_left.jpg,0
20241109_152525_949981_forward.jpg,1
20241109_155147_775114_left.jpg,0
20241109_173846_504379_right.jpg,2
20241109_154013_400556_right.jpg,2
20241109_153958_931481_left.jpg,0
20241109_152429_926342_forward.jpg,1
20241109_153019_001618_left.jpg,0
20241109_155119_350542_left.jpg,0
20241109_155118_775554_left.jpg,0
20241109_153755_126081_right.jpg,2
20241109_152516_269591_left.jpg,0
20241109_173908_197795_right.jpg,2
20241109_153024_894710_forward.jpg,1
20241109_154048_066845_left.jpg,0
20241109_174056_784942_right.jpg,2
20241109_154300_180999_left.jpg,0
20241109_154301_047969_right.jpg,2
20241109_155222_773323_left.jpg,0
20241109_174051_385047_right.jpg,2
20241109_154215_636761_right.jpg,2
20241109_153053_906407_forward.jpg,1
20241109_153204_130976_forward.jpg,1
20241109_152445_019082_forward.jpg,1
20241109_173641_730636_right.jpg,2
20241109_153843_538507_forward.jpg,1
20241109_154110_184184_left.jpg,0
20241109_152512_482675_forward.jpg,1
20241109_154109_611264_right.jpg,2
20241109_173455_517536_right.jpg,2
20241109_173604_971616_right.jpg,2
20241109_153953_318840_left.jpg,0
20241109_153220_248185_forward.jpg,1
20241109_173856_223696_right.jpg,2
20241109_152457_390071_forward.jpg,1
20241109_153958_333452_forward.jpg,1
20241109_152443_924184_right.jpg,2
20241109_173616_397826_right.jpg,2
20241109_153742_205089_left.jpg,0
20241109_173952_545052_right.jpg,2
20241109_154047_786272_left.jpg,0
20241109_154026_239513_forward.jpg,1
20241109_153105_692071_left.jpg,0
20241109_153252_087620_forward.jpg,1
20241109_154007_131321_forward.jpg,1
20241109_153820_405631_left.jpg,0
20241109_154017_692813_forward.jpg,1
20241109_154031_973856_forward.jpg,1
20241109_155159_842355_right.jpg,2
20241109_153755_660118_right.jpg,2
20241109_152959_551208_left.jpg,0
20241109_153756_738064_forward.jpg,1
20241109_152517_871054_forward.jpg,1
20241109_153859_148858_right.jpg,2
20241109_154020_254119_left.jpg,0
20241109_153821_486502_forward.jpg,1
20241109_153006_041369_left.jpg,0
20241109_154011_987239_left.jpg,0
20241109_173830_557868_right.jpg,2
20241109_153025_428683_left.jpg,0
20241109_155029_779173_right.jpg,2
20241109_154928_435261_left.jpg,0
20241109_173713_422173_right.jpg,2
20241109_154225_448628_left.jpg,0
20241109_153212_184209_left.jpg,0
20241109_173648_584665_right.jpg,2
20241109_155207_588500_left.jpg,0
20241109_154219_129242_right.jpg,2
20241109_153009_282103_forward.jpg,1
20241109_153754_059910_right.jpg,2
20241109_173824_558134_right.jpg,2
20241109_153233_703214_left.jpg,0
20241109_173307_495250_right.jpg,2
20241109_154220_848707_left.jpg,0
20241109_154105_853339_left.jpg,0
20241109_154019_133155_forward.jpg,1
20241109_154112_199562_left.jpg,0
20241109_153147_998764_left.jpg,0
20241109_152534_574086_forward.jpg,1
20241109_153109_424182_right.jpg,2
20241109_173757_236814_right.jpg,2
20241109_155118_497574_left.jpg,0
20241109_153810_179961_left.jpg,0
20241109_153837_603796_forward.jpg,1
20241109_155155_507109_left.jpg,0
20241109_153201_984234_forward.jpg,1
20241109_153818_246166_left.jpg,0
20241109_155152_362189_right.jpg,2
20241109_154109_043283_left.jpg,0
20241109_153757_285037_forward.jpg,1
20241109_173817_745817_right.jpg,2
20241109_153118_570823_forward.jpg,1
20241109_153045_319722_forward.jpg,1
20241109_153810_726414_left.jpg,0
20241109_155005_393912_left.jpg,0
20241109_173845_371378_right.jpg,2
20241109_152506_028314_forward.jpg,1
20241109_173246_118199_right.jpg,2
20241109_154037_733284_forward.jpg,1
20241109_152427_247904_forward.jpg,1
20241109_155226_240914_left.jpg,0
20241109_173508_064176_right.jpg,2
20241109_153846_244033_left.jpg,0
20241109_152550_185944_left.jpg,0
20241109_154027_373127_left.jpg,0
20241109_153844_631118_forward.jpg,1
20241109_174023_411323_right.jpg,2
20241109_152452_563597_forward.jpg,1
20241109_153309_263065_left.jpg,0
20241109_153751_899554_forward.jpg,1
20241109_153256_899568_forward.jpg,1
20241109_154111_052202_right.jpg,2
20241109_173420_144136_right.jpg,2
20241109_152428_845401_forward.jpg,1
20241109_154228_034663_right.jpg,2
20241109_153245_582625_left.jpg,0
20241109_173450_370882_right.jpg,2
20241109_153826_869727_left.jpg,0
20241109_154916_447867_left.jpg,0
20241109_173519_171887_right.jpg,2
20241109_153116_970569_left.jpg,0
20241109_154034_280336_right.jpg,2
20241109_155216_481714_right.jpg,2
20241109_173451_224902_right.jpg,2
20241109_152548_037530_left.jpg,0
20241109_153032_413981_forward.jpg,1
20241109_153953_027850_left.jpg,0
20241109_154154_130527_left.jpg,0
20241109_154114_198375_left.jpg,0
20241109_152535_653273_left.jpg,0
20241109_154010_293708_right.jpg,2
20241109_173419_579133_right.jpg,2
20241109_154036_279268_left.jpg,0
20241109_153042_628793_right.jpg,2
20241109_155204_135167_right.jpg,2
20241109_173250_677746_left.jpg,0
20241109_154917_021378_left.jpg,0
20241109_173447_810682_right.jpg,2
20241109_173438_397541_right.jpg,2
20241109_153101_959156_forward.jpg,1
20241109_153149_611701_forward.jpg,1
20241109_153958_051462_forward.jpg,1
20241109_153114_253644_right.jpg,2
20241109_153950_935433_forward.jpg,1
20241109_153037_225164_forward.jpg,1
20241109_153252_621594_forward.jpg,1
20241109_154151_556271_right.jpg,2
20241109_153026_508569_forward.jpg,1
20241109_154934_983023_right.jpg,2
20241109_154047_212935_forward.jpg,1
20241109_153001_176887_forward.jpg,1
20241109_153846_804336_forward.jpg,1
20241109_154108_465301_right.jpg,2
20241109_155228_547245_left.jpg,0
20241109_173833_118354_right.jpg,2
20241109_173331_170783_right.jpg,2
20241109_155138_002691_right.jpg,2
20241109_154054_639524_left.jpg,0
20241109_154011_133269_forward.jpg,1
20241109_173744_664363_right.jpg,2
20241109_155127_124336_left.jpg,0
20241109_173707_438087_right.jpg,2
20241109_154018_853167_forward.jpg,1
20241109_174041_383849_right.jpg,2
20241109_154152_410249_right.jpg,2
20241109_153757_817011_left.jpg,0
20241109_153829_551698_forward.jpg,1
20241109_153152_330235_right.jpg,2
20241109_153856_987754_forward.jpg,1
20241109_153823_098483_forward.jpg,1
20241109_154058_145708_left.jpg,0
20241109_174007_438187_right.jpg,2
20241109_153232_608248_forward.jpg,1
20241109_154051_186304_right.jpg,2
20241109_154920_714989_right.jpg,2
20241109_173610_131231_right.jpg,2
20241109_154040_038213_left.jpg,0
20241109_173238_157613_left.jpg,0
20241109_153111_024638_right.jpg,2
20241109_173519_745198_right.jpg,2
20241109_155125_683385_right.jpg,2
20241109_173945_984806_right.jpg,2
20241109_153309_795041_forward.jpg,1
20241109_154116_772355_right.jpg,2
20241109_153845_711492_left.jpg,0
20241109_173620_384243_right.jpg,2
20241109_173757_811578_right.jpg,2
20241109_173607_837817_right.jpg,2
20241109_153041_000016_forward.jpg,1
20241109_153902_350875_right.jpg,2
20241109_152957_403104_forward.jpg,1
20241109_173959_984380_right.jpg,2
20241109_154229_476343_left.jpg,0
20241109_153105_160052_left.jpg,0
20241109_154930_420163_left.jpg,0
20241109_152554_507934_forward.jpg,1
20241109_154033_118818_right.jpg,2
20241109_155132_003589_right.jpg,2
20241109_153242_873889_right.jpg,2
20241109_155148_057112_left.jpg,0
20241109_153230_996321_right.jpg,2
20241109_154924_421336_left.jpg,0
20241109_152446_097038_forward.jpg,1
20241109_155221_920346_left.jpg,0
20241109_154103_571453_right.jpg,2
20241109_153858_067816_left.jpg,0
20241109_173409_851128_right.jpg,2
20241109_173417_865142_right.jpg,2
20241109_155231_386538_right.jpg,2
20241109_173234_437475_right.jpg,2
20241109_153743_275036_left.jpg,0
20241109_173342_851212_right.jpg,2
20241109_173312_611103_left.jpg,0
20241109_153855_390265_forward.jpg,1
20241109_152515_189543_left.jpg,0
20241109_173237_290611_left.jpg,0
20241109_154040_625251_right.jpg,2
20241109_152433_726163_right.jpg,2
20241109_155201_269261_left.jpg,0
20241109_154023_107270_right.jpg,2
20241109_152447_176647_left.jpg,0
20241109_154008_576847_left.jpg,0
20241109_155129_709837_left.jpg,0
20241109_173614_410880_right.jpg,2
20241109_153858_615804_forward.jpg,1
20241109_153159_302391_forward.jpg,1
20241109_153106_226042_left.jpg,0
20241109_155007_980392_right.jpg,2
20241109_154004_573397_forward.jpg,1
20241109_154052_331574_right.jpg,2
20241109_153057_132992_left.jpg,0
20241109_154246_353873_left.jpg,0
20241109_154112_478554_left.jpg,0
20241109_155209_308526_right.jpg,2
20241109_154926_421266_right.jpg,2
20241109_155219_641132_right.jpg,2
20241109_153900_216822_left.jpg,0
20241109_153954_800085_right.jpg,2
20241109_173222_450923_left.jpg,0
20241109_154028_239093_left.jpg,0
20241109_153248_261646_forward.jpg,1
20241109_153103_026135_forward.jpg,1
20241109_154052_917944_right.jpg,2
20241109_153950_375452_forward.jpg,1
20241109_154039_172725_forward.jpg,1
20241109_173247_252306_right.jpg,2
20241109_152537_817424_forward.jpg,1
20241109_152544_269124_forward.jpg,1
20241109_173225_024619_left.jpg,0
20241109_154044_919937_forward.jpg,1
20241109_154109_904252_left.jpg,0
20241109_152534_029098_forward.jpg,1
20241109_154225_728617_left.jpg,0
20241109_173708_584366_right.jpg,2
20241109_153305_502912_forward.jpg,1
20241109_154141_504623_right.jpg,2
20241109_173244_690679_left.jpg,0
20241109_155109_844709_left.jpg,0
20241109_154937_833986_right.jpg,2
20241109_152537_281450_forward.jpg,1
20241109_153952_452869_forward.jpg,1
20241109_153100_348123_forward.jpg,1
20241109_155133_149580_left.jpg,0
20241109_153047_467587_forward.jpg,1
20241109_153953_904819_left.jpg,0
20241109_155146_349162_left.jpg,0
20241109_153022_227546_left.jpg,0
20241109_173636_038461_right.jpg,2
20241109_154046_638954_right.jpg,2
20241109_153009_815073_forward.jpg,1
20241109_152502_791316_left.jpg,0
20241109_154203_303343_right.jpg,2
20241109_152427_778879_forward.jpg,1
20241109_154035_705288_left.jpg,0
20241109_154936_420529_left.jpg,0
20241109_154028_812078_left.jpg,0
20241109_154236_327658_left.jpg,0
20241109_153010_895023_forward.jpg,1
20241109_152436_389522_forward.jpg,1
20241109_154931_542154_left.jpg,0
20241109_154010_852760_forward.jpg,1
20241109_154235_475691_left.jpg,0
20241109_153207_887749_right.jpg,2
20241109_173305_771556_left.jpg,0
20241109_154029_666338_forward.jpg,1
20241109_153955_386213_right.jpg,2
20241109_152548_575503_right.jpg,2
20241109_154910_128074_left.jpg,0
20241109_173809_797653_right.jpg,2
20241109_153759_978120_right.jpg,2
20241109_154056_704476_left.jpg,0
20241109_154012_267155_left.jpg,0
20241109_153745_433580_forward.jpg,1
20241109_154951_619204_left.jpg,0
20241109_152544_802098_forward.jpg,1
20241109_154038_320264_forward.jpg,1
20241109_154031_106630_forward.jpg,1
20241109_153248_808735_right.jpg,2
20241109_154015_106497_left.jpg,0
20241109_153311_966148_forward.jpg,1
20241109_173258_664288_left.jpg,0
20241109_153120_718851_left.jpg,0
20241109_154019_693138_forward.jpg,1
20241109_154050_905312_right.jpg,2
20241109_153801_059641_left.jpg,0
20241109_154158_730461_left.jpg,0
20241109_153253_688573_left.jpg,0
20241109_153030_788120_right.jpg,2
20241109_155027_778770_left.jpg,0
20241109_154942_792288_left.jpg,0
20241109_153103_559104_forward.jpg,1
20241109_154045_198928_forward.jpg,1
20241109_153000_098080_forward.jpg,1
20241109_173756_383374_right.jpg,2
20241109_153038_307113_forward.jpg,1
20241109_153058_747136_left.jpg,0
20241109_153052_839426_left.jpg,0
20241109_153753_513936_forward.jpg,1
20241109_153955_081075_forward.jpg,1
20241109_154011_413259_forward.jpg,1
20241109_152959_016732_left.jpg,0
20241109_173434_690825_right.jpg,2
20241109_155207_295511_left.jpg,0
20241109_173900_771020_right.jpg,2
20241109_173229_024179_left.jpg,0
20241109_153951_228422_forward.jpg,1
20241109_153104_626087_left.jpg,0
20241109_153034_013881_forward.jpg,1
20241109_154958_139423_left.jpg,0
20241109_155214_493662_left.jpg,0
20241109_153226_714559_forward.jpg,1
20241109_173234_730654_right.jpg,2
20241109_154017_985801_left.jpg,0
20241109_154953_408269_right.jpg,2
20241109_153010_363050_forward.jpg,1
20241109_153205_197291_left.jpg,0
20241109_173330_025452_right.jpg,2
20241109_174012_851313_right.jpg,2
20241109_153948_923986_forward.jpg,1
20241109_174055_651875_right.jpg,2
20241109_153048_534595_forward.jpg,1
20241109_152527_031037_forward.jpg,1
20241109_152455_241606_forward.jpg,1
20241109_173526_877878_right.jpg,2
20241109_152502_244343_right.jpg,2
20241109_155123_377878_right.jpg,2
20241109_153219_715212_right.jpg,2
20241109_154021_959310_forward.jpg,1
20241109_152425_644982_forward.jpg,1
20241109_154028_518221_left.jpg,0
20241109_173306_064559_left.jpg,0
20241109_153839_764122_left.jpg,0
20241109_154004_852390_forward.jpg,1
20241109_153845_163981_forward.jpg,1
20241109_153008_213649_forward.jpg,1
20241109_154157_582665_left.jpg,0
20241109_173954_824433_right.jpg,2
20241109_153016_827749_forward.jpg,1
20241109_155147_202132_left.jpg,0
20241109_153043_160765_right.jpg,2
20241109_155130_562331_left.jpg,0
20241109_152517_337080_right.jpg,2
20241109_173420_718137_right.jpg,2
20241109_152956_860130_forward.jpg,1
20241109_152526_483005_forward.jpg,1
20241109_173254_384625_right.jpg,2
20241109_153206_809728_forward.jpg,1
20241109_153750_833606_left.jpg,0
20241109_152459_563472_left.jpg,0
20241109_153022_762523_left.jpg,0
20241109_173839_638023_right.jpg,2
20241109_154140_929642_left.jpg,0
20241109_154933_260571_right.jpg,2
20241109_153313_567985_forward.jpg,1
20241109_152549_653970_left.jpg,0
20241109_173315_477989_right.jpg,2
20241109_153024_361735_right.jpg,2
20241109_155121_362668_right.jpg,2
20241109_155020_005533_left.jpg,0
20241109_153833_856347_left.jpg,0
20241109_174104_211607_right.jpg,2
20241109_173221_878923_left.jpg,0
20241109_155200_699581_left.jpg,0
20241109_155154_376154_left.jpg,0
20241109_153057_681144_forward.jpg,1
20241109_153204_665318_forward.jpg,1
20241109_153303_327986_forward.jpg,1
20241109_173817_464816_right.jpg,2
20241109_173600_396924_right.jpg,2
20241109_154055_506622_left.jpg,0
20241109_153038_841120_forward.jpg,1
20241109_173328_585544_right.jpg,2
20241109_154917_302370_left.jpg,0
20241109_154212_769465_left.jpg,0
20241109_174027_944844_right.jpg,2
20241109_153222_968008_forward.jpg,1
20241109_155013_139752_left.jpg,0
20241109_153021_148597_forward.jpg,1
20241109_152443_391213_forward.jpg,1
20241109_173338_598093_right.jpg,2
20241109_154942_498297_left.jpg,0
20241109_154008_852840_forward.jpg,1
20241109_154244_061779_left.jpg,0
20241109_153835_469899_forward.jpg,1
20241109_154005_986362_left.jpg,0
20241109_173311_184715_right.jpg,2
20241109_153153_942117_forward.jpg,1
20241109_154232_608231_right.jpg,2
20241109_154253_234715_left.jpg,0
20241109_154034_573327_left.jpg,0
20241109_154001_599171_forward.jpg,1
20241109_153245_048590_forward.jpg,1
20241109_173258_104290_left.jpg,0
20241109_153802_659562_left.jpg,0
20241109_153957_745472_forward.jpg,1
20241109_152504_951315_forward.jpg,1
20241109_155123_977947_right.jpg,2
20241109_153227_247558_right.jpg,2
20241109_173305_477556_left.jpg,0
20241109_173856_798027_right.jpg,2
20241109_154045_784948_forward.jpg,1
20241109_154944_257359_left.jpg,0
20241109_152524_868034_right.jpg,2
20241109_155126_256365_left.jpg,0
20241109_154051_757595_right.jpg,2
20241109_153119_117834_left.jpg,0
20241109_153314_648259_forward.jpg,1
20241109_155026_059953_right.jpg,2
20241109_155147_495115_left.jpg,0
20241109_173606_410633_right.jpg,2
20241109_153246_649656_forward.jpg,1
20241109_173758_105103_right.jpg,2
20241109_154025_959522_forward.jpg,1
20241109_153048_000621_forward.jpg,1
20241109_155022_872655_right.jpg,2
20241109_152503_324299_forward.jpg,1
20241109_154018_561177_forward.jpg,1
20241109_155131_148239_left.jpg,0
20241109_155012_006284_left.jpg,0
20241109_154226_022636_right.jpg,2
20241109_153254_767104_forward.jpg,1
20241109_155206_722543_left.jpg,0
20241109_153824_724131_right.jpg,2
20241109_173638_611105_right.jpg,2
20241109_153217_558401_forward.jpg,1
20241109_154050_065296_right.jpg,2
20241109_155202_415190_left.jpg,0
20241109_152513_029646_forward.jpg,1
20241109_154104_997369_left.jpg,0
20241109_153247_181630_forward.jpg,1
20241109_152551_252955_forward.jpg,1
20241109_154017_120794_right.jpg,2
20241109_154938_701000_right.jpg,2
20241109_155201_843274_left.jpg,0
20241109_173424_971146_right.jpg,2
20241109_154038_026274_forward.jpg,1
20241109_154005_706370_forward.jpg,1
20241109_154047_506925_forward.jpg,1
20241109_155000_765064_left.jpg,0
20241109_152538_349398_forward.jpg,1
20241109_173303_477456_right.jpg,2
20241109_154155_276380_left.jpg,0
20241109_154036_573284_forward.jpg,1
20241109_153039_920069_forward.jpg,1
20241109_155018_273547_right.jpg,2
20241109_153747_605713_forward.jpg,1
20241109_155111_591699_left.jpg,0
20241109_173754_971375_right.jpg,2
20241109_173235_010658_right.jpg,2
20241109_173626_357248_right.jpg,2
20241109_154927_848266_left.jpg,0
20241109_152434_792123_right.jpg,2
20241109_154023_960242_forward.jpg,1
20241109_153056_066336_forward.jpg,1
20241109_153740_592167_forward.jpg,1
20241109_154957_564459_left.jpg,0
20241109_154008_279860_left.jpg,0
20241109_173339_450810_right.jpg,2
20241109_173308_904380_left.jpg,0
20241109_173827_999384_right.jpg,2
20241109_174007_144439_right.jpg,2
20241109_152455_789150_right.jpg,2
20241109_153830_085865_forward.jpg,1
20241109_153157_170102_left.jpg,0
20241109_155013_419750_left.jpg,0
20241109_153148_532738_forward.jpg,1
20241109_153254_236545_left.jpg,0
20241109_153957_451485_forward.jpg,1
20241109_155024_619590_left.jpg,0
20241109_153833_325054_left.jpg,0
20241109_153123_409938_forward.jpg,1
20241109_155141_735990_right.jpg,2
20241109_153849_469426_right.jpg,2
20241109_153853_244048_forward.jpg,1
20241109_173306_638251_left.jpg,0
20241109_154952_219282_left.jpg,0
20241109_153758_378028_left.jpg,0
20241109_174005_985440_right.jpg,2
20241109_153806_404315_forward.jpg,1
20241109_173806_650297_right.jpg,2
20241109_153011_441995_right.jpg,2
20241109_154022_825280_right.jpg,2
20241109_152456_322122_right.jpg,2
20241109_154909_835098_left.jpg,0
20241109_153310_874988_forward.jpg,1
20241109_152510_323456_forward.jpg,1
20241109_152529_176932_forward.jpg,1
20241109_152518_418027_forward.jpg,1
20241109_153955_679203_forward.jpg,1
20241109_153813_952391_forward.jpg,1
20241109_154257_553752_left.jpg,0
20241109_153028_641050_forward.jpg,1
20241109_154227_170001_right.jpg,2
20241109_153007_681436_left.jpg,0
20241109_154033_999348_forward.jpg,1
20241109_152445_564064_left.jpg,0
20241109_173311_758102_left.jpg,0
20241109_152458_484017_left.jpg,0
20241109_154154_703396_left.jpg,0
20241109_153055_533327_forward.jpg,1
20241109_153158_235137_forward.jpg,1
20241109_154228_888360_right.jpg,2
20241109_155119_057551_left.jpg,0
20241109_173904_492275_right.jpg,2
20241109_153816_646241_forward.jpg,1
20241109_154217_662866_right.jpg,2
20241109_153146_906439_forward.jpg,1
20241109_153023_827761_forward.jpg,1
20241109_155134_003617_left.jpg,0
20241109_154206_742650_left.jpg,0
20241109_154102_999471_right.jpg,2
20241109_173710_291002_right.jpg,2
20241109_154020_533759_left.jpg,0
20241109_173304_624456_right.jpg,2
20241109_152451_471957_forward.jpg,1
20241109_173330_598452_right.jpg,2
20241109_153826_336752_left.jpg,0
20241109_154042_612500_left.jpg,0
20241109_153200_369311_forward.jpg,1
20241109_155017_981628_right.jpg,2
20241109_152543_203174_forward.jpg,1
20241109_173312_332102_left.jpg,0
20241109_173438_117541_right.jpg,2
20241109_154232_315241_right.jpg,2
20241109_153236_394947_forward.jpg,1
20241109_173955_398219_right.jpg,2
20241109_154048_359835_left.jpg,0
20241109_154021_400733_forward.jpg,1
20241109_173228_744178_left.jpg,0
20241109_154251_234885_right.jpg,2
20241109_153052_307453_forward.jpg,1
20241109_154236_048669_left.jpg,0
20241109_154026_812534_forward.jpg,1
20241109_173222_170928_left.jpg,0
20241109_174024_545645_right.jpg,2
20241109_154209_062483_right.jpg,2
20241109_153743_819968_right.jpg,2
20241109_154043_186480_left.jpg,0
20241109_153012_523014_right.jpg,2
20241109_153307_647925_left.jpg,0
20241109_173411_571128_right.jpg,2
20241109_155220_201199_right.jpg,2
20241109_154250_648574_right.jpg,2
20241109_153811_259388_forward.jpg,1
20241109_154048_639347_forward.jpg,1
20241109_173458_371759_right.jpg,2
20241109_154230_596301_left.jpg,0
20241109_174021_131388_right.jpg,2
20241109_173419_865004_right.jpg,2
20241109_154051_479605_right.jpg,2
20241109_153827_403702_left.jpg,0
20241109_153304_954940_forward.jpg,1
20241109_154218_834777_right.jpg,2
20241109_153220_795158_right.jpg,2
20241109_152552_894461_left.jpg,0
20241109_152957_936643_forward.jpg,1
20241109_153150_158673_forward.jpg,1
20241109_154931_262182_left.jpg,0
20241109_152432_088246_forward.jpg,1
20241109_154016_533799_forward.jpg,1
20241109_153812_871309_forward.jpg,1
20241109_173250_117747_left.jpg,0
20241109_154031_399622_forward.jpg,1
20241109_153122_876938_forward.jpg,1
20241109_154146_704391_left.jpg,0
20241109_152450_403961_left.jpg,0
20241109_173324_024451_right.jpg,2
20241109_153102_492119_forward.jpg,1
20241109_153014_134868_right.jpg,2
20241109_154253_527704_left.jpg,0
20241109_154943_661372_left.jpg,0
20241109_153255_300637_forward.jpg,1
20241109_152434_257141_left.jpg,0
20241109_152551_814972_forward.jpg,1
20241109_173945_410806_right.jpg,2
20241109_152453_095573_forward.jpg,1
20241109_152500_096446_left.jpg,0
20241109_153803_206535_right.jpg,2
20241109_154245_780881_left.jpg,0
20241109_154104_144432_left.jpg,0
20241109_155228_827235_left.jpg,0
20241109_153949_493967_forward.jpg,1
20241109_173241_839815_left.jpg,0
20241109_153016_295343_left.jpg,0
20241109_173530_598600_right.jpg,2
20241109_153809_113494_forward.jpg,1
20241109_173229_597308_left.jpg,0
20241109_155214_200672_left.jpg,0
20241109_155157_815421_left.jpg,0
20241109_154002_199471_right.jpg,2
20241109_152426_177957_forward.jpg,1
20241109_155152_655179_right.jpg,2
20241109_174028_811845_right.jpg,2
20241109_154035_998278_left.jpg,0
20241109_155111_310697_left.jpg,0
20241109_153203_063217_right.jpg,2
20241109_154006_280349_left.jpg,0
20241109_153259_034350_right.jpg,2
20241109_174042_251891_right.jpg,2
20241109_153108_370679_forward.jpg,1
20241109_154239_474641_left.jpg,0
20241109_152530_805895_forward.jpg,1
20241109_153243_435938_forward.jpg,1
20241109_152533_493713_forward.jpg,1
20241109_153003_324831_forward.jpg,1
20241109_154026_519544_left.jpg,0
20241109_154001_305181_forward.jpg,1
20241109_153210_034667_forward.jpg,1
20241109_154238_621155_right.jpg,2
20241109_173720_837702_right.jpg,2
20241109_153834_935295_forward.jpg,1
20241109_154115_625327_right.jpg,2
20241109_152431_006298_left.jpg,0
20241109_153809_645986_forward.jpg,1
20241109_153822_565510_left.jpg,0
20241109_153850_016397_forward.jpg,1
20241109_153847_869299_left.jpg,0
20241109_173708_291086_right.jpg,2
20241109_174051_091043_right.jpg,2
20241109_173230_744041_right.jpg,2
20241109_154002_784455_forward.jpg,1
20241109_173944_264617_right.jpg,2
20241109_153304_422965_forward.jpg,1
20241109_155012_565787_left.jpg,0
20241109_153059_279093_forward.jpg,1
20241109_153741_672116_forward.jpg,1
20241109_153838_684823_left.jpg,0
20241109_154013_121492_right.jpg,2
20241109_173855_931696_right.jpg,2
20241109_154909_555104_left.jpg,0
20241109_174104_492494_right.jpg,2
20241109_153111_559144_left.jpg,0
20241109_153752_434528_forward.jpg,1
20241109_153748_672903_forward.jpg,1
20241109_153235_316116_right.jpg,2
20241109_153251_528322_forward.jpg,1
20241109_153221_344133_right.jpg,2
20241109_154029_093065_forward.jpg,1
20241109_153844_070523_forward.jpg,1
20241109_154231_168281_left.jpg,0
20241109_152440_685312_forward.jpg,1
20241109_153303_862962_right.jpg,2
20241109_173707_732086_right.jpg,2
20241109_153004_416218_forward.jpg,1
20241109_154052_051587_right.jpg,2
20241109_153813_419379_forward.jpg,1
20241109_153746_511236_forward.jpg,1
20241109_154111_625582_right.jpg,2
20241109_154150_983290_right.jpg,2
20241109_153156_625130_forward.jpg,1
20241109_173656_317275_right.jpg,2
20241109_154007_706301_forward.jpg,1
20241109_153239_636300_left.jpg,0
20241109_173305_196557_left.jpg,0
20241109_153013_055921_forward.jpg,1
20241109_155017_699636_right.jpg,2
20241109_155141_442989_right.jpg,2
20241109_153957_148493_forward.jpg,1
20241109_154917_594386_left.jpg,0
20241109_173720_545705_right.jpg,2
20241109_153243_968027_forward.jpg,1
20241109_153240_715247_left.jpg,0
20241109_153311_435172_forward.jpg,1
20241109_154039_745225_left.jpg,0
20241109_173314_904445_right.jpg,2
20241109_154058_439695_left.jpg,0
20241109_154259_887009_left.jpg,0
20241109_153110_491666_forward.jpg,1
20241109_153232_075273_forward.jpg,1
20241109_155131_724224_right.jpg,2
20241109_154230_888291_left.jpg,0
20241109_173328_010540_right.jpg,2
20241109_154032_546835_right.jpg,2
20241109_173849_065375_right.jpg,2
20241109_154057_865716_left.jpg,0
20241109_173616_957910_right.jpg,2
20241109_173608_410816_right.jpg,2
20241109_173249_824745_left.jpg,0
20241109_153817_179215_forward.jpg,1
20241109_153054_454378_right.jpg,2
20241109_154024_533222_forward.jpg,1
20241109_153749_219876_forward.jpg,1
20241109_154000_414119_left.jpg,0
20241109_155225_667193_left.jpg,0
20241109_154015_960467_left.jpg,0
20241109_153119_651823_forward.jpg,1
20241109_152508_174964_left.jpg,0
20241109_153045_853619_left.jpg,0
20241109_173432_397618_right.jpg,2
20241109_173907_917796_right.jpg,2
20241109_154910_422064_left.jpg,0
20241109_153225_649405_left.jpg,0
20241109_155113_031847_right.jpg,2
20241109_154041_186497_forward.jpg,1
20241109_155117_337091_left.jpg,0
20241109_153819_311685_left.jpg,0
20241109_153313_034010_forward.jpg,1
20241109_153032_946932_forward.jpg,1
20241109_173518_877886_right.jpg,2
20241109_173515_477083_right.jpg,2
20241109_155022_285349_right.jpg,2
20241109_154041_479487_forward.jpg,1
20241109_154045_491917_forward.jpg,1
20241109_173300_078241_right.jpg,2
20241109_173507_771176_right.jpg,2
20241109_154039_466715_forward.jpg,1
20241109_154057_278735_left.jpg,0
20241109_153314_115274_forward.jpg,1
20241109_173522_877660_right.jpg,2
20241109_153903_963124_forward.jpg,1
20241109_154931_834160_left.jpg,0
20241109_154015_681477_left.jpg,0
20241109_153151_235796_forward.jpg,1
20241109_155223_641189_left.jpg,0
20241109_154948_939420_right.jpg,2
20241109_173458_652758_right.jpg,2
20241109_153752_981502_forward.jpg,1
20241109_173447_530682_right.jpg,2
20241109_153112_105207_forward.jpg,1
20241109_152501_163394_left.jpg,0
20241109_173802_651926_right.jpg,2
20241109_173625_505227_right.jpg,2
20241109_153027_574868_forward.jpg,1
20241109_154019_974127_forward.jpg,1
20241109_152519_495987_forward.jpg,1
20241109_154139_796155_left.jpg,0
20241109_153820_938527_right.jpg,2
20241109_154030_520651_forward.jpg,1
20241109_173846_224379_right.jpg,2
20241109_153156_092155_forward.jpg,1
20241109_152553_975960_forward.jpg,1
20241109_173825_424137_right.jpg,2
20241109_153121_811940_right.jpg,2
20241109_154253_806694_left.jpg,0
20241109_153021_681571_forward.jpg,1
20241109_152430_473324_forward.jpg,1
20241109_153747_045215_forward.jpg,1
20241109_155221_628353_left.jpg,0
20241109_153250_983273_forward.jpg,1
20241109_154955_512300_left.jpg,0
20241109_153836_536846_forward.jpg,1
20241109_152536_736422_forward.jpg,1
20241109_153042_092944_right.jpg,2
20241109_173818_584355_right.jpg,2
20241109_153030_254144_forward.jpg,1
20241109_154154_995386_left.jpg,0
20241109_154923_007334_right.jpg,2
20241109_153031_335092_forward.jpg,1
20241109_173230_171040_left.jpg,0
20241109_152507_096004_left.jpg,0
20241109_155028_339249_left.jpg,0
20241109_154948_354095_right.jpg,2
20241109_153310_331014_right.jpg,2
20241109_173251_251607_right.jpg,2
20241109_153808_018753_forward.jpg,1
20241109_153811_792363_left.jpg,0
20241109_153050_160549_right.jpg,2
20241109_152542_122227_left.jpg,0
20241109_152538_898877_forward.jpg,1
20241109_152546_403136_forward.jpg,1
20241109_173229_891309_left.jpg,0
20241109_173825_998136_right.jpg,2
20241109_173704_024282_right.jpg,2
20241109_153223_502381_forward.jpg,1
20241109_154010_001720_forward.jpg,1
20241109_153035_612802_forward.jpg,1
20241109_155231_960522_left.jpg,0
20241109_173259_224288_left.jpg,0
20241109_154948_061103_right.jpg,2
20241109_173224_171572_right.jpg,2
20241109_154003_078441_right.jpg,2
20241109_153300_634319_forward.jpg,1
20241109_153808_566285_forward.jpg,1
20241109_173954_544052_right.jpg,2
20241109_155156_654466_right.jpg,2
20241109_154201_875381_left.jpg,0
20241109_174050_238042_right.jpg,2
20241109_173231_318040_right.jpg,2
20241109_153219_168214_forward.jpg,1
20241109_174101_358041_right.jpg,2
20241109_173331_451222_right.jpg,2
20241109_152433_178192_forward.jpg,1
20241109_152510_858430_forward.jpg,1
20241109_174031_664412_right.jpg,2
20241109_155219_921200_right.jpg,2
20241109_153852_177265_right.jpg,2
20241109_173342_291212_right.jpg,2
20241109_173853_064721_right.jpg,2
20241109_152521_122921_right.jpg,2
20241109_155215_348807_left.jpg,0
20241109_152522_201978_left.jpg,0
20241109_173829_145576_right.jpg,2
20241109_152440_152338_forward.jpg,1
20241109_154252_954725_left.jpg,0
20241109_154230_315315_left.jpg,0
20241109_154113_051575_left.jpg,0
20241109_153238_569342_right.jpg,2
20241109_154012_547144_forward.jpg,1
20241109_155215_628791_left.jpg,0
20241109_153224_582456_forward.jpg,1
